slide_number,slide_title,slide_text,speaker_notes,has_notes,notes_word_count,slide_text_word_count,image_filename,context_slides_used,ai_transcript
1,Llamas: Fascinating Animals of the Andes,"Llamas: Fascinating Animals of the Andes
An Overview of Their Life, Behavior, and Role","Welcome everyone! Today, we're going to explore the fascinating world of llamas, unique animals deeply intertwined with human history and culture in the Andes Mountains of South America. Let's discover why they're so remarkable.",True,34,14,slide-001.png,0.0,"Llamas are unique animals deeply intertwined with human history and culture in the Andes Mountains of South America. They're fascinating creatures that have adapted to the harsh, high-altitude environments of the Andes. Today, we're going to explore their life, behavior, and the significant role they play in their native habitats. Let's discover why they're so remarkable."
2,Introduction to Llamas,"Introduction to Llamas
Definition: A domesticated South American camelid.
Scientific Name: Lama glama.
Origin: Andes Mountains, South America.
Related Species: Alpacas, Guanacos, Vicuñas (wild relatives).","Llamas were domesticated thousands of years ago. They descend from wild camelids native to South America and share their habitat with related species like alpacas, guanacos, and vicuñas.",True,28,25,slide-002.png,1.0,"A domesticated South American camelid, scientifically known as Lama glama, originates from the Andes Mountains in South America. Related species include alpacas, guanacos, and vicuñas, which are their wild relatives. Llamas were domesticated thousands of years ago, descending from wild camelids native to South America, and share their habitat with these related species."
3,Physical Characteristics,"Physical Characteristics
Height: ~5.5 to 6 feet tall at the head.
Weight: 280-450 pounds (127-204 kg).
Coat: Soft, woolly fiber available in various colors.
Adaptations: Large lungs, efficient oxygen use at high altitudes.","Llamas are well adapted to life in harsh mountain environments, with thick coats protecting them from the cold and specialized respiratory adaptations that allow survival at high elevations.",True,28,33,slide-003.png,2.0,"Llamas typically stand between five point five to six feet tall at the head and weigh between two hundred eighty and four hundred fifty pounds, or one hundred twenty-seven to two hundred and four kilograms. They have a soft, woolly coat that comes in various colors. Their adaptations include large lungs and efficient oxygen use, enabling them to thrive at high altitudes. These physical characteristics are crucial for their survival in harsh mountain environments, where thick coats protect them from the cold and specialized respiratory adaptations allow them to survive at high elevations."
4,Diet & Habitat,"Diet & Habitat
Diet: Herbivorous; grasses, hay, grains, leaves.
Habitat: Semi-arid regions, high-altitude grasslands (Altiplano).
Water Needs: Require regular access to clean water.","Llamas have a simple but nutritious diet. Their feeding habits make them ideal animals for regions where food can be sparse, demonstrating their adaptability.",True,24,23,slide-004.png,3.0,"Llamas are herbivores, feeding on grasses, hay, grains, and leaves. They inhabit semi-arid regions and high-altitude grasslands, known as the Altiplano. These animals require regular access to clean water. Their simple yet nutritious diet makes them particularly well-suited to regions where food resources may be limited, showcasing their remarkable adaptability to various environments."
5,Behavior & Social Structure,"Behavior & Social Structure
Social Nature: Highly social herd animals.
Communication: Use humming, ear positioning, body language.
Defensive Behavior: Spitting when threatened or stressed.
Hygiene Habits: Create communal dung piles.","Llamas have a sophisticated social structure. They communicate effectively through subtle signals and body language. Contrary to popular belief, llamas only spit as a last resort when feeling threatened or irritated.",True,31,30,slide-005.png,4.0,"Llamas are highly social herd animals with a sophisticated social structure. They communicate effectively through various methods, including humming, ear positioning, and body language. While it's commonly believed that llamas spit frequently, they actually reserve this behavior for when they feel threatened or stressed, using it as a defensive mechanism. Additionally, llamas exhibit interesting hygiene habits by creating communal dung piles. This social behavior highlights their complex nature and ability to interact with each other in meaningful ways. Understanding these aspects of llama behavior provides valuable insights into their overall social dynamics and how they thrive in their environments."
6,Breeding & Life Cycle,"Breeding & Life Cycle
Gestation: Approximately 11.5 months.
Cria: Name given to newborn llamas.
Early Life: Standing and nursing shortly after birth.
Lifespan: Typically 15-25 years.","Llamas have a relatively long gestation period, producing typically one offspring (cria) per year. Newborn llamas are quick to stand and nurse, vital for survival in challenging environments.",True,28,26,slide-006.png,5.0,"Llamas have a gestation period of approximately eleven dot five months. Newborn llamas are referred to as crias. These crias are remarkable for their ability to stand and nurse shortly after birth, a crucial adaptation for survival in challenging environments. Typically, a llama gives birth to one cria per year. The average lifespan of a llama ranges from fifteen to twenty-five years."
7,Historical & Cultural Significance,"Historical & Cultural Significance
Domestication: Occurred 4,000-5,000 years ago.
Uses Historically: Transport, wool, food, rituals.
Cultural Role: Symbolic importance in Andean cultures.","Llamas have been integral to the Andean way of life for thousands of years. They were central to trade, transportation, clothing production, and had spiritual significance to indigenous communities.",True,29,22,slide-007.png,5.0,"Llamas have been domesticated for between four thousand to five thousand years. Historically, they were used for transport, wool production, food, and played a role in various rituals. In Andean cultures, llamas held symbolic importance, being central to trade, transportation, clothing production, and possessing spiritual significance to indigenous communities. This deep-rooted cultural significance underscores their integral role in the Andean way of life for thousands of years."
8,Modern Uses of Llamas,"Modern Uses of Llamas
Fiber Production: High-quality wool for textiles.
Pack Animals: Popular in hiking and trekking tourism.
Therapy Animals: Gentle temperament makes them suitable.
Guard Animals: Effective protectors of sheep and goats from predators.","Today, llamas have diversified roles. Their gentle nature makes them beloved as therapy animals, while their strength and wool continue to make them economically valuable in various industries.",True,28,35,slide-008.png,5.0,"Llamas have diversified roles today, showcasing their versatility and value across various industries. Their high-quality wool makes them essential for fiber production, particularly in the textile industry. Additionally, llamas are popular as pack animals in hiking and trekking tourism, leveraging their strength and endurance. Their gentle temperament also makes them suitable as therapy animals, providing comfort and companionship. Furthermore, llamas serve as effective guard animals, protecting sheep and goats from predators due to their protective instincts. This multifaceted utility underscores their continued economic and social value in modern times."
9,Conservation & Welfare,"Conservation & Welfare
Conservation: Focus on wild relatives like guanacos, vicuñas.
Threats: Habitat loss, climate change impact ecosystems.
Ethical Care: Importance of proper shearing, humane living conditions, veterinary care.","Although domesticated llamas are not endangered, ethical farming practices are crucial. Conservation efforts focus mainly on wild camelids threatened by human activities and environmental changes.",True,25,29,slide-009.png,5.0,"Conservation efforts primarily focus on wild relatives of llamas, such as guanacos and vicuñas. These species face significant threats, including habitat loss and the impacts of climate change on their ecosystems. It's also essential to emphasize ethical care for domesticated llamas, which includes proper shearing techniques, providing humane living conditions, and ensuring adequate veterinary care. Although domesticated llamas are not currently endangered, maintaining ethical farming practices is crucial for their welfare. Conservation efforts are mainly directed towards protecting wild camelids, which are threatened by human activities and environmental changes."
10,Conclusion & Fun Facts,"Conclusion & Fun Facts
Intelligent & Curious: Highly trainable and inquisitive.
Strength: Can carry approximately 25-30% of their body weight.
Community Impact: Sustainable farming supports local economies and ecosystems.","To wrap up, llamas are extraordinary animals, intelligent, strong, and culturally significant. By supporting responsible llama farming, we contribute positively to local economies and ecosystems. Thank you, and I’d be happy to answer any questions!",True,35,29,slide-010.png,5.0,"Llamas are truly remarkable animals, showcasing a unique combination of intelligence, strength, and cultural significance. They are highly trainable and inquisitive, making them stand out for their intelligence and curiosity. In terms of strength, llamas can carry approximately twenty-five to thirty percent of their body weight, demonstrating their impressive physical capabilities. Moreover, sustainable llama farming plays a vital role in supporting local economies and ecosystems, highlighting their positive community impact. By embracing responsible llama farming practices, we not only contribute to the well-being of these animals but also foster economic and environmental sustainability. Thank you, and I'd be happy to address any questions you may have."
