slide_number,slide_title,ai_transcript,context_slides_used
1,Llamas: Fascinating Animals of the Andes,"Llamas are unique animals deeply intertwined with human history and culture in the Andes Mountains of South America. They're fascinating creatures that have adapted to the harsh, high-altitude environments of the Andes. Let's discover why they're so remarkable.",0.0
2,Introduction to Llamas,"A domesticated South American camelid, known scientifically as Lama glama, originates from the Andes Mountains in South America. Related species include alpacas, guanacos, and their wild relatives, vicuñas. Llamas were domesticated thousands of years ago, descending from wild camelids native to South America, and share their habitat with these related species.",1.0
3,Physical Characteristics,"Llamas stand approximately five point five to six feet tall at the head and weigh between two hundred eighty and four hundred fifty pounds, or one hundred twenty-seven to two hundred and four kilograms. Their coat features soft, woolly fiber available in various colors, providing essential protection against the elements. Notably, llamas have adapted to survive in harsh mountain environments through large lungs and efficient oxygen use at high altitudes, making them well-suited to their native Andean habitats. These physical characteristics and adaptations enable llamas to thrive in conditions that would be challenging for many other animals.",2.0
4,Diet & Habitat,"Llamas are herbivores, feeding on grasses, hay, grains, and leaves. They inhabit semi-arid regions and high-altitude grasslands, known as the Altiplano. These animals require regular access to clean water. Their simple yet nutritious diet makes them particularly well-suited to regions where food resources may be limited, showcasing their remarkable adaptability to various environments.",3.0
5,Behavior & Social Structure,"Llamas are highly social herd animals that communicate effectively through various methods, including humming, ear positioning, and body language. When threatened or stressed, they exhibit defensive behavior, such as spitting, although this is typically reserved as a last resort. Notably, llamas demonstrate unique hygiene habits by creating communal dung piles. Their sophisticated social structure and subtle communication methods highlight their complex nature, moving beyond common stereotypes about their behavior.",4.0
6,Breeding & Life Cycle,"Llamas have a gestation period of approximately eleven dot five months. Newborn llamas are referred to as cria. These young animals are remarkable for their ability to stand and nurse shortly after birth, a crucial adaptation for survival in challenging environments. Typically, a llama will produce one cria per year. The average lifespan of a llama ranges from fifteen to twenty-five years, highlighting their potential for long-term companionship and utility.",5.0
7,Historical & Cultural Significance,"Llamas have been domesticated for between four thousand and five thousand years. Historically, they were used for various purposes including transport, wool production, food, and in rituals. These uses underscore their importance in Andean cultures, where they held symbolic significance. Building on our previous discussion about their physical characteristics and behavior, it's clear that llamas were not only valuable for their practical uses but also played a significant role in the cultural and spiritual lives of the people in the Andes. Their integration into trade, transportation, and clothing production, as well as their spiritual significance to indigenous communities, highlights their multifaceted importance. This deep-rooted connection to the Andean way of life demonstrates the profound impact llamas had on the region's history and cultural identity.",5.0
8,Modern Uses of Llamas,"Llamas have diversified roles today, building on their historical significance and practical uses we discussed earlier. Their versatility is evident in several modern applications. They are used for fiber production, providing high-quality wool for textiles. Their strength and endurance make them popular as pack animals in hiking and trekking tourism. Additionally, their gentle temperament makes them suitable as therapy animals. Llamas also serve as effective guard animals, protecting sheep and goats from predators. Their continued economic value across various industries underscores their importance beyond their historical roles.",5.0
9,Conservation & Welfare,"Conservation efforts focus on wild relatives like guanacos and vicuñas. These animals face significant threats, including habitat loss and the impact of climate change on their ecosystems. Ethical care is also crucial, emphasizing the importance of proper shearing techniques, humane living conditions, and adequate veterinary care. Although domesticated llamas are not endangered, ethical farming practices remain vital. Conservation efforts are primarily directed towards protecting wild camelids, which are threatened by human activities and environmental changes.",5.0
10,Conclusion & Fun Facts,"Llamas are extraordinary animals, known for their intelligence and curiosity, making them highly trainable and inquisitive. They possess significant strength, capable of carrying approximately twenty-five to thirty percent of their body weight. Moreover, sustainable llama farming has a positive community impact by supporting local economies and ecosystems. By engaging in responsible llama farming practices, we not only appreciate these remarkable animals but also contribute to the well-being of both local communities and the environment. Thank you, and I'd be happy to answer any questions.",5.0
